id	url	end	hash	filesize	score	author	link	timestamp	width	height
10092l	http://i.imgur.com/qHxM2.jpg	jpg	c88b89b9c4572cec18216642e65b033b4c470a746a26f9f1dab6070379ce25c4	256293	103	madmaxzh55	reddit.com/r/photoshopbattles/10092l	1347854437	1363	2048
100c1k	http://i.imgur.com/9xndJ.jpg	jpg	7d28905b266d692e7a604297376eec11971dcc8e324bd389a492d92f01ad8425	494685	26	weaselstomp	reddit.com/r/photoshopbattles/100c1k	1347857973	1600	1200
100d24	http://i.imgur.com/AFFHn.jpg	jpg	cfa1c1f82517120bed62c09d9aee33afde093eec83ff76c0fc6c8cf04084109d	380735	173	hates_usernames	reddit.com/r/photoshopbattles/100d24	1347859345	1200	807
100jh1	http://i.imgur.com/ciycE.jpg	jpg	242f9d1c05bf3ba0f790e80d9abeefb1fee4198116152aa7db47760d3057452f	161761	405	imscammer15	reddit.com/r/photoshopbattles/100jh1	1347871238	1620	1080
100qo2	http://i.imgur.com/yxLxO.jpg	jpg	4f53a648d43f322e1ddb7fbf681d19b7830459478079af82bc51e6bdb4f448a2	207433	1017	SpeedCola	reddit.com/r/photoshopbattles/100qo2	1347887191	1200	750
100yc6	http://i.imgur.com/MzRVc.jpg	jpg	99d2ffb3ff16b7e56d66994507aced0e1641b5f44529d7758304b3f85c8ee0ca	91956	49	BrianTheLady	reddit.com/r/photoshopbattles/100yc6	1347896277	960	643
101453	http://i.imgur.com/Efmqy.jpg	jpg	54d5dbd030df8bed38e67acc3de08e205fc976e2d0a26d37b14084197a07fa08	114626	26	ZombieNinjaMan	reddit.com/r/photoshopbattles/101453	1347902084	500	706
101j5w	http://i.imgur.com/KSvoy.jpg	jpg	32d46508e1036f619d87444054fd20bb22cb91f4157c0adc68e85cebb2552b0d	81954	28	[deleted]	reddit.com/r/photoshopbattles/101j5w	1347915970	1280	720
102h14	http://i.imgur.com/3m1jv.jpg	jpg	37d7e006017efdb9de3a57bb3c1aaa0490addb598fb049ab2b910a895cab0c62	175909	566	weaselstomp	reddit.com/r/photoshopbattles/102h14	1347950343	1200	820
102mue	http://i.imgur.com/JZEZ6.jpg	jpg	82d2b07c863267a75d7f3c42470548694b7badc00191428f0842189bf3b045b2	83901	278	The_Last_Melon14	reddit.com/r/photoshopbattles/102mue	1347963524	480	640
102n66	http://i.imgur.com/cms0k.jpg	jpg	a0c10e4b37970e979233ba2b80ef1e82e50128fdffd5a7da3b73c445e27291d5	781179	1057	definitely_legit	reddit.com/r/photoshopbattles/102n66	1347964296	1970	2627
102r5n	http://i.imgur.com/jhDxh.jpg	jpg	72a9f8a656ad323a715c40685ae55260f8680fd1414ce3021eb8a7e18051b774	35917	59	nationalhonorroll	reddit.com/r/photoshopbattles/102r5n	1347971990	500	500
103crd	http://i.imgur.com/CVcx1.jpg	jpg	fc6bca73c280f8a760cecc2585e1f60bfe8d0f8f3cb714dbb81a3d887ba7dce4	169993	778	zibabadoo	reddit.com/r/photoshopbattles/103crd	1347994603	1024	768
103neu	http://i.imgur.com/AEmpy.jpg	jpg	8a4b6b3712204cce34453b98344b9c54287730c3c029da170cfa68cdcfcf4657	55565	50	Crunketh	reddit.com/r/photoshopbattles/103neu	1348004276	500	888
1041fq	http://i.imgur.com/G4AKg.jpg	jpg	db725fbd565cd8337ae5cb7b412dd63a1f86f6444b81dc58e7ab55fd1fb44e06	294402	692	dobidoo	reddit.com/r/photoshopbattles/1041fq	1348017187	683	1024
1043h7	http://i.imgur.com/UbKQE.jpg	jpg	6fdf4a0f347f677c5ba2740316cc83d629edf98d840ad461b47db7984f6e6626	66087	43	coryh	reddit.com/r/photoshopbattles/1043h7	1348019154	720	540
104rm0	http://i.imgur.com/knRfm.jpg	jpg	041dc122fd22d79522ea2eae7bfc06c8a9ae5f0c80c8bf14ce30ee4cebf0e4c3	145214	191	mattrition	reddit.com/r/photoshopbattles/104rm0	1348056673	900	639
1055dv	http://i.imgur.com/INBzM.jpg	jpg	48dabd68edcdcece64189f3c836ee8cee84787e485fccba784f1df902c58c3e0	130021	35	mrfunkyland	reddit.com/r/photoshopbattles/1055dv	1348072681	960	720
105867	http://i.imgur.com/VR3oq.jpg	jpg	746fb77ef2fb145fa9cb80114a11e431ef2acc7d84f05506ef729186641a73cb	673706	24	[deleted]	reddit.com/r/photoshopbattles/105867	1348075227	1980	1315
105aix	http://i.imgur.com/VCKFP.jpg	jpg	3f66bd6b16b7e7b6a755666ecdee80a27cc57e336eb482030a69878326985f4b	52973	49	TotalSHIT	reddit.com/r/photoshopbattles/105aix	1348077510	799	538
105kqx	http://i.imgur.com/X5oVF.jpg	jpg	9e6e4e664784c973f9116b5c1eb61b749654afeb65f6b2ed79aeac98fb737ccd	726631	27	aiden904	reddit.com/r/photoshopbattles/105kqx	1348086873	3264	2448
105lhe	http://i.imgur.com/bqWUE.jpg	jpg	2c19e539e9d65e44575352e1b703e69d6d76e6feb0d198c7d59d69c3afdf654c	72427	31	self_destruct_in_321	reddit.com/r/photoshopbattles/105lhe	1348087539	1024	768
106fge	http://i.imgur.com/vmXTZ.jpg.jpg	jpg	63f0e843874b293eb2004b36c16cfabbd6106b56e2c58670126fe7418af6310b	175584	102	i_hate_all_you_jerks	reddit.com/r/photoshopbattles/106fge	1348117327	681	415
106n69	http://i.imgur.com/W2Wca.jpg	jpg	e2578faa91f6e395a04236e9f907cc0659bbc42b3e61574329f609acea16f1e2	159978	1253	steps_on_lego	reddit.com/r/photoshopbattles/106n69	1348131288	800	533
106r2b	http://i.imgur.com/nM0Ug.jpg	jpg	404e3e8f2413c13e330e1f3c467fca1614ee102fe4e1119a58ad08f6f39545ab	72784	131	FakersGonnaFake	reddit.com/r/photoshopbattles/106r2b	1348140723	640	960
106ryt	http://i.imgur.com/rQS9j.jpg	jpg	10cd239612ea6abe06015e710d9718edbef06429fa5e826ef0a85e0f99dc6c5c	240434	633	Daanando	reddit.com/r/photoshopbattles/106ryt	1348142389	964	642
107qmh	http://i.imgur.com/ifY2z.jpg	jpg	c00a6230da7da45bca334a11e1a5d5938871ca5c1627e7ba58fa31ee09eda8ff	401203	21	weaselstomp	reddit.com/r/photoshopbattles/107qmh	1348177367	1024	832
107zkt	http://i.imgur.com/5rXid.jpg	jpg	7c467e7cd6e516dabc60f35fd7f6e6074f62be467cddb87ae90f142deef6c5c8	384822	1437	AnalogDigit2	reddit.com/r/photoshopbattles/107zkt	1348185958	2592	1944
1085it	http://i.imgur.com/GGqLj.jpg	jpg	6a8d647b40146e70c63c73a9611cc56b3a5c201d46048bb47f1eb4c62e4cc2ed	301070	122	SpeedCola	reddit.com/r/photoshopbattles/1085it	1348191682	1200	750
108mne	http://i.imgur.com/i2AlC.jpg	jpg	d50cdf5e62c81c46f78abf4df093802b0dd6ca0470d3c5da8440ca75877c554a	68301	22	Kuleo0z	reddit.com/r/photoshopbattles/108mne	1348213760	700	510
108yfv	http://i.imgur.com/nOmJH.jpg	jpg	ba9d2c16b1842396478ad38734daf84d68a4c4c5dda343ec16c5c48303e2c3ba	95712	999	MikeTheStone	reddit.com/r/photoshopbattles/108yfv	1348236935	1280	957
1098ia	http://cdn.theatlanticwire.com/img/upload/2012/07/04/AP120702135050.jpg	jpg	ab0f2603d486293c24c478c23b1353ed51fed5bbdedeef79a4071985c6de1c2a	57137	459	alphasci	reddit.com/r/photoshopbattles/1098ia	1348247596	623	935
1099aj	http://i.imgur.com/6dcrH.jpg	jpg	306238c82fe25fc24d25a763909a029291c4154dc764a411e6a1abc8f7986c15	52687	169	[deleted]	reddit.com/r/photoshopbattles/1099aj	1348248371	500	474
109lgc	http://i.imgur.com/15dmO.jpg	jpg	9fbbc716abc3c7d8ee5c8a0580f89bc98c0f5e5887157ef5a859fb91804c323a	173598	21	neferr	reddit.com/r/photoshopbattles/109lgc	1348259504	625	930
10a2dr	http://i.imgur.com/Iemri.png	png	1f13a3eabcbf4953d2936efa21637cab61761f6bffdae42029ee9735b3987e7e	546952	35	[deleted]	reddit.com/r/photoshopbattles/10a2dr	1348277880	616	654
10aq26	http://i.imgur.com/T3Qp7.jpg?1	jpg	f30fc0fd501d854e3592339adc614760ed400695272c051097fea5b20dbbc747	67237	794	5mincreeper	reddit.com/r/photoshopbattles/10aq26	1348323791	720	959
10at2y	http://i.imgur.com/4zyCX.jpg	jpg	d4fbe5443aa282944dc5e2d7b4fc1dfca99833f3e124229722a5dde07ab7a867	528289	38	Tackett79	reddit.com/r/photoshopbattles/10at2y	1348328153	881	1200
10biul	http://i.imgur.com/8UzRq.jpg	jpg	8de18b98b501148d5e705488a71a16c041aef11b56461a94b2715b5502821ade	33904	694	G182	reddit.com/r/photoshopbattles/10biul	1348358139	378	504
10bkzw	http://i.imgur.com/2hdq5.jpg	jpg	ce5384c293e2162e1e2749c2c1ae03c28169e5e531f3c60984b3b3796dc920a8	52241	398	pdmcmahon	reddit.com/r/photoshopbattles/10bkzw	1348360687	720	576
10brb3	http://i.imgur.com/PErG6.jpg	jpg	f73f3160717a0d35eb4cae252434d92b616efefe133eebcb9f1c6e0362d8a73a	140120	37	dabockster	reddit.com/r/photoshopbattles/10brb3	1348368624	580	435
10bz2y	http://i.imgur.com/Cxagv.jpg	jpg	b31b77e6e67988acde75bcf1fbd20f75ad20b66c51e3619415ced121055d0b25	298418	24	oblivious1	reddit.com/r/photoshopbattles/10bz2y	1348379689	973	1200
10chee	http://i.imgur.com/Wq4qq.jpg	jpg	6ed148322c13d01c9a708f8823d2277ce0a27630ca8db78b02e368475f459209	28730	121	AdamBake	reddit.com/r/photoshopbattles/10chee	1348418486	600	451
10ck4t	http://i.imgur.com/AAZ67.jpg	jpg	79cc14a47af926bf5ad516bcd2e27949759563e9eccdbb9720e15cc1c559ce87	61997	928	DeerOnTheRocks	reddit.com/r/photoshopbattles/10ck4t	1348421547	500	264
10d29l	http://i.imgur.com/yWTw4.jpg	jpg	ce317dd649fbcbe27b49dfb9fd276f3aca449112abd8fe911a1ca39a8e80f46c	117055	454	Crunketh	reddit.com/r/photoshopbattles/10d29l	1348440317	500	750
10da04	http://i.imgur.com/Lsgd0.jpg	jpg	23954b9453460b0fa55f5fc2d5f169db008d91558ea15bbbd6e52a7c00a293a0	112370	38	killamator	reddit.com/r/photoshopbattles/10da04	1348448288	934	704
10dbbk	http://i.imgur.com/QKA3G.jpg	jpg	96a8b6100790b041a4a50d3d6c5fb0f4daeba6fc100172b071664e1b67732e4b	63654	59	yanbusa	reddit.com/r/photoshopbattles/10dbbk	1348449635	395	653
10dkcw	http://i.imgur.com/QWkU7.jpg	jpg	30914e00dfc4a52445ae10fd01501eaeb302cd623c3681857f1ff05f7455bf14	52142	43	loveglove	reddit.com/r/photoshopbattles/10dkcw	1348458713	2048	1362
10dxql	http://i.imgur.com/PXdBC.jpg	jpg	13076a62f3793131ff0b9bcbb58c38c54de81d2fb07c37c9a6280a77e0c191e1	663543	95	Woolbull	reddit.com/r/photoshopbattles/10dxql	1348483408	1600	1067
10e376	http://i.imgur.com/3HUxJ.jpg	jpg	c6eb81409a078819725221d3acddde886d9bc9b208e48829e52a0cf60f8683cf	554427	59	skruluce	reddit.com/r/photoshopbattles/10e376	1348493456	2469	2160
10ela6	http://i.imgur.com/zOAN0.jpg	jpg	93acbce4982ca3f8f47cd64943810a1f93f04eb1239f0b9b9a5d413df22e5bb9	762731	54	apantek	reddit.com/r/photoshopbattles/10ela6	1348512359	4928	3264
10erph	http://beta.images.theglobeandmail.com/ba1/incoming/article4564523.ece/ALTERNATES/w620/baird-crop.jpg	jpg	042f987a9314ca4c31a7e5a12aaf13c070029a22dc6e0866d98247eef8388167	29180	30	[deleted]	reddit.com/r/photoshopbattles/10erph	1348518278	620	349
10fd60	http://i.imgur.com/gLJau.jpg	jpg	4edba9f7edf3c5a480590c257af2559481a0c0d62a38707c806a1646809baa95	372244	44	mysteryrpancake	reddit.com/r/photoshopbattles/10fd60	1348538002	2272	1704
10fh23	http://i.imgur.com/PzELc.jpg	jpg	d1aa97eac032725f522017e82027496f1238846518f3548bbca87666cfa017d7	203729	20	SpeedCola	reddit.com/r/photoshopbattles/10fh23	1348541661	960	901
10fsob	http://i.imgur.com/iZoSm.jpg	jpg	e6c90a5ffeaf9ed57a42a8fe0e2fc1c5f6ff0a6817cd602705dcb17f6542a542	263012	38	nsgill	reddit.com/r/photoshopbattles/10fsob	1348553963	1920	1881
10ges8	http://i.imgur.com/38Nzr.jpg	jpg	81467dec7ea2628eaf5323ae34008a029eacfe7afe4d5940ef9af5d370cc40f2	412336	869	yerm	reddit.com/r/photoshopbattles/10ges8	1348589551	1600	1200
10hcuj	http://i1.trekearth.com/photos/20386/sloth.jpg	jpg	8afa580d49216774fcc3aed6df32c92e1be03bfdea30741572ce965b9e38ee6f	167695	39	Aqueduct	reddit.com/r/photoshopbattles/10hcuj	1348621223	700	528
10hfrt	http://i.imgur.com/wW2uJ.jpg	jpg	e1d38221f7144254156b8c6f201c5aa9d98d3b63ad53543aa0a173e898184a75	68715	37	whitefang	reddit.com/r/photoshopbattles/10hfrt	1348623920	451	604
10hs8v	http://i.imgur.com/qIy69.jpg	jpg	a6b3df3e729299ebf4c6ddbbd6506b0f517e64d2f20d6408ea675e5c620c1337	58040	45	guy_fleegman	reddit.com/r/photoshopbattles/10hs8v	1348637171	604	402
10hz1s	http://i.imgur.com/xQ2lJ.jpg	jpg	119a5389abac4ca7fc06f4d324b6b264b0df87063bff692199b70cbf57e4be67	49902	315	suzepie	reddit.com/r/photoshopbattles/10hz1s	1348650359	900	702
10i0m2	http://i.imgur.com/xNMMH.jpg	jpg	98126c5242b71734b6302aa0116f11e3bd2e91a248b964fd3d745f22fcc6cb14	145327	1392	[deleted]	reddit.com/r/photoshopbattles/10i0m2	1348654366	960	731
10i718	http://i.imgur.com/onxyM.jpg	jpg	58dae34b82104145af24aaeba7cd6f6012f840b1fde04514bd2318ee9954cc52	730613	87	dcux	reddit.com/r/photoshopbattles/10i718	1348666163	2561	1920
10ijvc	http://i.imgur.com/twXXT.jpg	jpg	f3360d429bda980efeedf9d0d23cad19317a6c50c5068695607f4e5b09fffa1c	626014	20	Roflwafffles	reddit.com/r/photoshopbattles/10ijvc	1348679418	2916	1944
10io3k	http://i.imgur.com/2toX2.jpg	jpg	de610be301a78787285d8d3f525d751104570ac045acb5c37b82ca49232b9924	57235	91	iceboy979	reddit.com/r/photoshopbattles/10io3k	1348683319	600	450
10iyk4	http://i.imgur.com/qf66L.jpg	jpg	5a633c3d4ca33becbe10b028711f8a9099a1f267bcd12b86c0193a1b30a444e7	178262	32	ceelizabeth	reddit.com/r/photoshopbattles/10iyk4	1348692735	920	1632
10j990	http://i.imgur.com/AyJf8.jpg	jpg	4ba2819af0cfd2f5a7f66da3bb5ace0fee035b4614ddc83e56be5e371c5bfb9f	406111	23	self_destruct_in_321	reddit.com/r/photoshopbattles/10j990	1348702672	1200	1911
10jcox	http://i.imgur.com/drgqI.png	png	6685c5d05c8ec4d2e4742d690251f87363318a99002001c07c87b1bc0b0da04e	466144	183	Vinnyb90	reddit.com/r/photoshopbattles/10jcox	1348706061	489	603
10jieg	http://cdn.theatlantic.com/static/infocus/okt092612/s_o07_RTR389RM.jpg	jpg	309f236f8e2127f17145d9e10add532eb810cf7cfbb1d93eaac4f2c6279fc0ef	253343	91	[deleted]	reddit.com/r/photoshopbattles/10jieg	1348711448	991	617
10jjt3	http://i.imgur.com/vcfbx.jpg	jpg	af6801ff1002a35152bb487fc4ffb24dde7cd609c7966c5b8387ebb2e65453f0	67553	532	kaylaa_maria	reddit.com/r/photoshopbattles/10jjt3	1348712821	880	587
10jw52	http://i.imgur.com/QVHVJ.jpg	jpg	ead9b48c89b2cc392000e8ea2d99243477f8db871468001361689fc2effb298a	83145	298	dabockster	reddit.com/r/photoshopbattles/10jw52	1348727143	816	1088
10k6pk	http://i.imgur.com/jWoSn.jpg	jpg	af461bb90c1c5144c6106ae068f1f36cbfcc0220a00d4a2ebe4b18630bf285db	128163	115	Zer0wned	reddit.com/r/photoshopbattles/10k6pk	1348749719	612	612
10k749	http://i.imgur.com/avFuX.jpg	jpg	68d01d5e8f248266c9aa130f69379afdf848180e878cfdc0f46721eea8132421	51586	402	paper_towels	reddit.com/r/photoshopbattles/10k749	1348750310	910	850
10lre5	http://i.imgur.com/Pdvgz.jpg	jpg	cadc67389932a00545cbeb75ee2b04861eec9242d81746d0cf8fe72e5e354136	75652	53	legendtuner	reddit.com/r/photoshopbattles/10lre5	1348806368	700	525
10lv6r	http://i.imgur.com/QEdbg.jpg	jpg	7c0d5286984f014bf21f1e944e67ed879791ed649209463c3733516ee322cb81	61567	1359	flyprdu	reddit.com/r/photoshopbattles/10lv6r	1348811514	978	530
10m36h	http://i.imgur.com/tT1cV.jpg	jpg	041e262829f5aa4e15835ed6ada83891828955049bb58d79f43939ae838d2e4c	117891	266	Mr_Bimmler	reddit.com/r/photoshopbattles/10m36h	1348830085	991	682
10mcce	http://i.imgur.com/ajsoV.jpg	jpg	e9e536df0bb38e5dd00a8dd763689538a292d53ad9006220adb669726845c730	137302	88	duggtodeath	reddit.com/r/photoshopbattles/10mcce	1348843876	990	643
10mchy	http://i.imgur.com/sZc5J.jpg	jpg	d07519c2f4327bc6ca214f57640974485c57a9c7cd8e4823bf877933301d5fb8	382662	180	thehouseofspike	reddit.com/r/photoshopbattles/10mchy	1348844049	1600	2400
10mmkd	http://i.imgur.com/fxZiJ.jpg	jpg	d4cebadae8ae17f4dc33ae122ee7c5a041e3e27281471bc330ceafd52e896345	511801	59	alltimeisrelative	reddit.com/r/photoshopbattles/10mmkd	1348853996	1920	1080
10mmsk	http://i.imgur.com/7jPQ8.png	png	7f7903dc064d4ab2269721741a27570abc6487abb71f45d6c0b9bfb54c0360e7	529714	84	trish80s_4_life	reddit.com/r/photoshopbattles/10mmsk	1348854193	1280	696
10mq7g	http://i.imgur.com/jgPk9.jpg	jpg	34b167b41c4288c55d2cc4ad6da8dcefc454fc1a074b1a73691891778bc0cd51	87096	85	iceboy979	reddit.com/r/photoshopbattles/10mq7g	1348857408	500	668
10msi1	http://i.imgur.com/mzhov.jpg	jpg	149f0f6d757e62afe60021db7840fd8e475545a04e39694670e9fe3b293cd597	89399	1133	iceboy979	reddit.com/r/photoshopbattles/10msi1	1348859546	960	640
10n18m	http://i.imgur.com/tCG5D.jpg	jpg	7af2885ae78fa1f0d77bee69f92819ad7023794ac2c67a24a93844253b010443	246700	198	VirtuousHeathen	reddit.com/r/photoshopbattles/10n18m	1348867848	779	851
10nkh0	http://i.imgur.com/u3acY.jpg	jpg	b2916f3baeedc1876a0354df52a422ec072639b9b803f1881d6e5ca4a169ff28	57497	53	mrtitkins	reddit.com/r/photoshopbattles/10nkh0	1348890952	960	640
10o1tu	http://i.imgur.com/74SJd.jpg	jpg	3b7af6574c1673fa620e50867cc1ab8969836727161f190b35a96a319a3a7e2d	76815	955	wh643	reddit.com/r/photoshopbattles/10o1tu	1348929270	630	420
10ondg	http://i.imgur.com/OoroC.jpg	jpg	fa194a5ddf2aead0ac3d86201e705d086366c66ea9519639cd7e28eb2770ce2d	201897	672	[deleted]	reddit.com/r/photoshopbattles/10ondg	1348955655	1024	852
10owc8	http://i.imgur.com/MJ3pD.jpg	jpg	30f9383423b70b1c8d8cc70f315d8b145b1da300e2d1e2af4f4464ff62edb980	16239	254	MildyAgitatedBidoof	reddit.com/r/photoshopbattles/10owc8	1348966744	373	400
10p346	http://i.imgur.com/9mf6b.jpg	jpg	8393430a8efa45ca3a6874b337c38aba1a11fdcb6443efbbf1c919807bde30d1	244636	168	Hank3hellbilly	reddit.com/r/photoshopbattles/10p346	1348975229	900	600
10pelz	http://i.imgur.com/qTawHh.jpg	jpg	cd0e69a9b4c871c23803c74ee4ed9b67484bd5651e906f9f265c1f4b484e2b93	69560	50	[deleted]	reddit.com/r/photoshopbattles/10pelz	1348996969	1024	768
10piyf	http://i.imgur.com/ZGFRE.jpg	jpg	12295372afe5c472f12a0a8387cf782ddbf0e118a4ebd195433e57aca843aae4	122092	782	[deleted]	reddit.com/r/photoshopbattles/10piyf	1349010015	858	536
10pvgj	http://i.imgur.com/8y5bC.jpg	jpg	65cdcf41674574dab3450e465ac151c504706ef51ef04947a2285b45806fdc39	336658	273	brazilliandanny	reddit.com/r/photoshopbattles/10pvgj	1349027686	1436	1048
10q5i6	http://i.imgur.com/29yfV.jpg	jpg	f1667ee60773dde85f6dec1b966a4c05cbfac94f6bec9ce8fc791bb46d26a643	157270	20	larevaluciondele	reddit.com/r/photoshopbattles/10q5i6	1349038294	960	960
10q98h	http://i.imgur.com/xQuRZ.jpg	jpg	31dc6e726a37b3faceb760def9517a0781fc92e53d85477c4465d85477122a8e	347482	56	[deleted]	reddit.com/r/photoshopbattles/10q98h	1349042069	2592	1944
10qqmj	http://i.imgur.com/sTecG.jpg	jpg	5ba4b60d93d8956813e082d511695ff63bc5c611e7d8b174ffc600a0e58969e6	67288	1102	autobots	reddit.com/r/photoshopbattles/10qqmj	1349059971	484	648
10qt9q	http://i.imgur.com/WENEK.jpg	jpg	f71712c8045016da8cd182e02b4bca97196c44393d3940c0a2f9ad66fc010612	51910	204	haabsters	reddit.com/r/photoshopbattles/10qt9q	1349062833	600	600
10rmj3	http://i.imgur.com/FaEHZ.jpg	jpg	c01f3f8b2e1c75a549559331d01a7a963b9d39c1cdf1b9d89fb578eb67a0be53	60448	502	Threedawg	reddit.com/r/photoshopbattles/10rmj3	1349109440	480	720
10rr9d	http://i.imgur.com/5IJ5f.jpg	jpg	442f5cbf100058d33829cd142a3a72740ad02edaff7e2df0367e475e14016ecc	92728	101	badgarok725	reddit.com/r/photoshopbattles/10rr9d	1349114144	650	441
10s3e4	http://i.imgur.com/mJjK1.jpg	jpg	7bc4e8ec008fa6dd8f63c2726d300368de212a413473fcad28ecaf410d4aee69	957572	224	scriptflare	reddit.com/r/photoshopbattles/10s3e4	1349125096	1920	1103
10s56n	http://i.imgur.com/0nLuB.jpg	jpg	1ff8e431ef4e238802db6900fe95efa2bba9a371d1a6e5d8a04878a1d03c4127	241808	218	scriptflare	reddit.com/r/photoshopbattles/10s56n	1349126727	1144	783
10ssxb	http://i.imgur.com/iUOA1.jpg	jpg	fd1bfe21dd584cc4c92c2f515ddfd412a8a29acac63bd0e28731bfe285e0d489	222635	1175	Rathum	reddit.com/r/photoshopbattles/10ssxb	1349150183	800	600
10tmqq	http://i.imgur.com/rUEv8.jpg	jpg	b5e02a3d626bcf965040f450de3425c0a7141a152f0fc6a355e6325330d66714	59246	444	SirHiss	reddit.com/r/photoshopbattles/10tmqq	1349195326	460	600
